{"cameraMode":{"drawMode":0,"name":"Shaded","section":"Shading Mode"},"sceneLighting":false,"audioPlay":false,"sceneViewState":{"showFog":false,"showMaterialUpdate":false,"showSkybox":false,"showFlares":false,"showImageEffects":false,"showParticleSystems":false},"in2DMode":false,"pivot":{"x":2.978728771209717,"y":-0.04986763000488281,"z":-0.38555908203125},"rotation":{"x":-0.016719838604331018,"y":0.9665853381156921,"z":-0.2473243921995163,"w":-0.06534325331449509},"size":7.783964157104492,"orthographic":false}