{"cameraMode":{"drawMode":0,"name":"Shaded","section":"Shading Mode"},"sceneLighting":true,"audioPlay":false,"sceneViewState":{"showFog":false,"showMaterialUpdate":false,"showSkybox":false,"showFlares":false,"showImageEffects":false,"showParticleSystems":false},"in2DMode":false,"pivot":{"x":-10.058101654052735,"y":-3.5540990829467775,"z":12.788863182067871},"rotation":{"x":0.006691968068480492,"y":-0.9072611927986145,"z":0.420279860496521,"w":0.014446492306888104},"size":21.143157958984376,"orthographic":false}