{"cameraMode":{"drawMode":0,"name":"Shaded","section":"Shading Mode"},"sceneLighting":false,"audioPlay":false,"sceneViewState":{"showFog":false,"showMaterialUpdate":false,"showSkybox":false,"showFlares":false,"showImageEffects":false,"showParticleSystems":false},"in2DMode":false,"pivot":{"x":0.6190654039382935,"y":0.9247959852218628,"z":-2.750312566757202},"rotation":{"x":0.12061438709497452,"y":0.6640304923057556,"z":-0.10975734889507294,"w":0.7297065258026123},"size":0.6659209132194519,"orthographic":false}