{"cameraMode":{"drawMode":0,"name":"Shaded","section":"Shading Mode"},"sceneLighting":false,"audioPlay":false,"sceneViewState":{"showFog":false,"showMaterialUpdate":false,"showSkybox":false,"showFlares":false,"showImageEffects":false,"showParticleSystems":false},"in2DMode":false,"pivot":{"x":-1.9317436218261719,"y":-1.1953577995300294,"z":3.7683706283569338},"rotation":{"x":-0.08224233984947205,"y":0.8320677876472473,"z":-0.1283084899187088,"w":-0.5333285927772522},"size":8.995226860046387,"orthographic":false}